address,tokens
D009EE36103976E15012FBCE18625EFC9048EFB5,31399272
0BF3BFB0DBEE03B35DF993C8689C07CE8723C28F,22466773
B788CDCCE6A0C47CAA3B9E795554E67D7290AFE8,20583877
3DC0F6391736F0A705559E91F50F6EF61C6CD9D2,20000033
5526E315D0C8F78B9DE7A6E60F7D518B91CE023C,14857009
8C5872749B2182B1832D3EAE57EDFAC01104B240,13705818
6FEE4C6B4CF639B76357863F5B2DC35587BCBB60,11661851
0B7EA0F411F506695D41F188343B3FB5F4CF789C,11437170
27F2AF66185B2DDA1E1D84E31D1746992DF5373A,10588211
030EACE62A0FDC87356F9E2BE2C8EB2D8376F272,9880013
3F9F551064F148AF6615C892C8E9E76262A9ED61,9622206
257665698E33ADA42087491F898346FEBAE27E1F,9620875
B0F07A73B0402316F406EDFAF8863CCB140C88B4,9565866
8F3695E65CBFB6D9084AFC0B637935E97CB3A381,9205225
F197A9E66EE997CF5431360EF8E45A787CF166A6,9200664
4E19365526E85F2C07C19245D52773B31DEC28A9,9101715
20DA32578EC9F1BBDF8F0FF9A53543D74970EF93,9051937
BEB2BC950B3190F475C4CA3A45662F0867CAD5C6,9000298
7EC661F40BEFD355FEF828AF6462E574F4759D0B,8909952
F9B4D9313C569F39DF1F3C664B55648F13F09D2A,8903211
83CF613C22BF58C438BF19C0B97BD2661891296D,8841379
4C3EAD0A99B1B7F7AF9C45D41B0A7F7D7CE2D67B,8531714
9AA1BD7F54997CF32113104393DCEA7BC3BCE836,8235056
C687D59DEB9A963364A8970C9F59A02E8ED637A6,7969374
6A6D5C2FA9CE7DE300D89C703132681D69155131,7909964
FC8D54A406146FC0E7C6349E6D54E0929DAF9B2C,7837205
2E333AEB99DEE073AB9DCE544A2B63384FE3EB38,7767459
A8CB49A70B9E6539BAB773F5F2CB33C6B90F04E1,7520199
A5ACE1813423D1AB76E9BD17264945B5A9F4EB06,7514315
D94070533C76A164E37C0FA62A845A427CD34E40,7475999
2CE83523458CC4B4ABD59A53F89744947573677E,7041696
3197C8328BCF200D00AC28909BEB99BAE57F7263,6938015
D6DD062792233D1799CB85CE3ECE1D925F7FCA93,6660879
C3F0F48DA2EC5B3E263F18146114FD6DBB37755B,6561136
3AAE040478D0B916EAE5B2EAE4B2C39D5F1EFCE6,6528612
4338C4CDE85BFCF4F04E2ECBCBF7007DD93185FA,6011129
F10BC4F92AA66ADFAF2D1CBD9D9A46E2AF123EB2,5962893
B286F6A0BD3CD35B1940860A4D912C32FC2D1863,5562152
6CC633BB1B428503173B052BFA11D0216568A531,5049310
22CBF3A0B87D9C29BA415DA760BA085214E982A5,5022175
B83975807B9428E001FEBC6449FD2267F0E50DFF,4924515
D0318CE9996528B03B2B77D9811265921D252A8F,4792388
48181C41E43158F0ADE8011C86CF715BE87BD7F4,4225837
8CFBE51AFBE982D2F316CA1FDA09BD8AAFAE38C9,4003649
CA1086B803C8AC4E754CCF1842B8EAA8ADC17292,3904719
EE8637A0EF75B3359F35B9AE75DCAB6349288503,3524375
40CACE4ECEBBCC24EB1192B93B2A912A0980FAE4,2465665
C8E7FA98EAF061E786393C94AE29A5831EDE363E,2109113
789DD85951E7F65FB5D0A073C522E9AB063D3134,1501577
C6282A161258D8232DCE0E81A7D8F021E7A8BC26,504443
DE6E67386807F4C8C2DE0B079BBDF2165BA3C901,285993
3EB507B45A3E2311F30AD570D12688380BFCDA8F,267202
81DA03EFE16079C6197C2949D3F82F835E19B90C,127864
3BA11DF542DEB37269F6604917FE91D35078E974,43102
045FC08FCDCC78E64BB04FA457305793F407E7E7,38766
05DF00639810F0FF4379A29744E684AA67A9FE06,36567
B90C5F0758EDD6606EE5709E59DE8934C6FB6C21,34109
24C6EA6A9E7EDBD36B0763D5CA792CCC0296F89A,33868
B3AC06F1CFAE7748FBAB70BE762855762A44227A,23035
080917AD1384CD7FC87B22ECACA1010CA397C363,1866
44131EEBD2586953580F02D32BCA8BAA46F3DA61,283
